{
  "std": {
    "f0": [
      0.008162736892700195,
      0.00649621756747365,
      0.0033608085941523314,
      0.009352149441838264,
      0.006266807671636343,
      0.00298089487478137,
      0.0054679387249052525,
      0.004500104114413261,
      0.0037311986088752747,
      0.01936396211385727,
      0.009649084880948067,
      0.0014587256591767073,
      0.0022690915502607822,
      0.0018431812059134245,
      0.006612627767026424,
      0.001991263125091791,
      0.013791868463158607,
      0.008163943886756897,
      0.0021658302284777164,
      0.013194175437092781,
      0.02128007262945175,
      0.007074838504195213,
      0.0024623621720820665,
      0.00957409292459488,
      0.005755970254540443,
      0.0025167912244796753,
      0.001581757329404354,
      0.0035321214236319065,
      0.0028983112424612045,
      0.008354851976037025,
      0.005666290409862995,
      0.003886606078594923,
      0.008664785884320736,
      0.0005827462882734835,
      0.004033252131193876,
      0.0018549443921074271,
      0.005011035595089197,
      0.00985436886548996,
      0.006622843444347382,
      0.0014010061277076602,
      0.0024802980478852987,
      0.011969189159572124,
      0.005800507962703705,
      0.004679296165704727,
      0.0032406416721642017,
      0.003950017970055342,
      0.0046280259266495705,
      0.004341998603194952,
      0.0023776027373969555,
      0.0007129330770112574
    ],
    "f_final": [
      0.0014659875305369496,
      0.012502698227763176,
      0.2685491740703583,
      0.005026955623179674,
      0.002746497979387641,
      0.009958870708942413,
      0.031470634043216705,
      0.003378920257091522,
      0.001667764619924128,
      0.012325169518589973,
      0.004965048283338547,
      0.8847705721855164,
      0.004245324060320854,
      0.00856729969382286,
      0.005849391222000122,
      0.4472169876098633,
      0.39444905519485474,
      0.006537791341543198,
      0.014448823407292366,
      0.008762789890170097,
      0.2955375611782074,
      0.0023456572089344263,
      0.016514670103788376,
      0.009224441833794117,
      0.0013229446485638618,
      0.09226775169372559,
      0.007362661883234978,
      0.002581918379291892,
      0.002485135802999139,
      0.0021666940301656723,
      0.007826969027519226,
      0.001726469025015831,
      0.004880351945757866,
      0.016765672713518143,
      0.007424827665090561,
      0.005052164662629366,
      0.0031752209179103374,
      0.0029542124830186367,
      0.0009463925380259752,
      0.008534806780517101,
      0.0031330338679254055,
      0.006689857691526413,
      0.004731892608106136,
      0.003096910659223795,
      0.0015129115199670196,
      0.002975903218612075,
      0.007020202931016684,
      0.00923222117125988,
      0.011871656402945518,
      0.0017834180034697056
    ],
    "acc": [
      0.49375,
      0.4875,
      0.81375,
      0.48,
      0.515,
      0.53125,
      0.60125,
      0.49875,
      0.49625,
      0.5525,
      0.49875,
      0.9525,
      0.51375,
      0.4925,
      0.505,
      0.92375,
      0.9475,
      0.49,
      0.55625,
      0.5325,
      0.9025,
      0.53,
      0.515,
      0.50875,
      0.495,
      0.7075,
      0.475,
      0.4725,
      0.5175,
      0.52125,
      0.50875,
      0.5075,
      0.49875,
      0.50625,
      0.49875,
      0.525,
      0.49125,
      0.49375,
      0.49875,
      0.45375,
      0.50375,
      0.52125,
      0.50625,
      0.50125,
      0.48875,
      0.51375,
      0.51125,
      0.535,
      0.52625,
      0.485
    ]
  },
  "id": {
    "f0": [
      0.004955236800014973,
      0.026560630649328232,
      0.005059199407696724,
      0.004459486808627844,
      0.010926538147032261,
      0.0027133396361023188,
      0.00319830235093832,
      0.00798899307847023,
      0.007291045039892197,
      0.013615948148071766,
      0.009691793471574783,
      0.014520525000989437,
      0.002277506049722433,
      0.0004469206905923784,
      0.017557110637426376,
      0.011835504323244095,
      0.010467350482940674,
      0.012278860434889793,
      0.0030242614448070526,
      0.007329050451517105,
      0.003823667299002409,
      0.004098962526768446,
      0.007165515795350075,
      0.0029204897582530975,
      0.009106890298426151,
      0.01376690436154604,
      0.0021474468521773815,
      0.002851607510820031,
      0.0027213699650019407,
      0.0016368883661925793,
      0.014204997569322586,
      0.024572845548391342,
      0.00329257152043283,
      0.0061731357127428055,
      0.00674167275428772,
      0.010784471407532692,
      0.004286064300686121,
      0.0070454333908855915,
      0.0037991483695805073,
      0.0028554906602948904,
      0.0012171664275228977,
      0.010095789097249508,
      0.004394695162773132,
      0.0030006589367985725,
      0.004083266481757164,
      0.012085933238267899,
      0.002312048804014921,
      0.00058104278286919,
      0.001947222393937409,
      0.0033667380921542645
    ],
    "f_final": [
      0.0004923163796775043,
      0.01240677572786808,
      0.002581811510026455,
      0.12633030116558075,
      0.008621384389698505,
      0.006531465332955122,
      0.4606528580188751,
      0.0019574128091335297,
      0.0046212682500481606,
      0.003557240590453148,
      0.009125350043177605,
      0.007462420500814915,
      0.010540274903178215,
      0.0024152244441211224,
      0.004052743781358004,
      0.029245853424072266,
      0.2641181945800781,
      0.0030212411656975746,
      0.0005382090457715094,
      0.004535466432571411,
      0.003861777950078249,
      0.0027573704719543457,
      0.007628959603607655,
      0.002756550209596753,
      0.0024084795732051134,
      0.004070482216775417,
      0.0014336917083710432,
      0.006980101112276316,
      0.0006270072190091014,
      0.004588691983371973,
      0.00738608418032527,
      0.005668644793331623,
      0.0002880654064938426,
      0.2726040184497833,
      0.009866761043667793,
      0.008891694247722626,
      0.020666291937232018,
      0.009677199646830559,
      0.0010651624761521816,
      0.0006830114871263504,
      0.0035866585094481707,
      0.012096533551812172,
      0.007891403511166573,
      0.0013078383635729551,
      0.005187897011637688,
      0.35235023498535156,
      0.0021110866218805313,
      0.05346116051077843,
      0.006165232975035906,
      0.0012970275711268187
    ],
    "acc": [
      0.52125,
      0.53875,
      0.49875,
      0.7175,
      0.5325,
      0.46125,
      0.9325,
      0.47125,
      0.51,
      0.5375,
      0.46375,
      0.50625,
      0.52125,
      0.49625,
      0.515,
      0.565,
      0.75,
      0.53,
      0.5,
      0.47125,
      0.49125,
      0.51125,
      0.475,
      0.505,
      0.52375,
      0.4925,
      0.48375,
      0.5,
      0.49,
      0.5,
      0.505,
      0.51125,
      0.495,
      0.79875,
      0.4775,
      0.49625,
      0.54375,
      0.45375,
      0.48125,
      0.5225,
      0.4975,
      0.5325,
      0.49125,
      0.4875,
      0.52875,
      0.87875,
      0.475,
      0.565,
      0.50125,
      0.5075
    ]
  },